Level,Discharge,Width,DeadStorage
0,0,0,0
0.00021627815120922,0.522208450515189,0.0599894475203138,0
0.000220775356319851,0.534572799963424,0.0612829955356858,0
0.000225430153779901,0.547406825629855,0.0626228884802288,0
0.000230251753593861,0.560739097383799,0.0640118638925669,0
0.000235249801628553,0.574599711090883,0.0654527934699735,0
0.0002404309660153,0.589010805443891,0.0669476984260872,0
0.000245807953193967,0.604011635348646,0.068500350695688,0
0.000251106795803228,0.618838527627858,0.0700316550312264,0
0.000256838005921685,0.634923566824055,0.0716892400306245,0
0.000262775389745295,0.651639198913954,0.0734078829888611,0
0.000269023726747905,0.669286238464453,0.0752180701529208,0
0.000275526237375984,0.687710869017122,0.0771035277488035,0
0.000282298451737876,0.706963141429225,0.0790689201647938,0
0.000289352974645345,0.727085381263298,0.0811180782365725,0
0.000296712127777348,0.748148306634718,0.0832576729267107,0
0.000304390550032626,0.770201465902848,0.0854921629048797,0
0.000314078642109465,0.798135374095867,0.088314424430761,0
0.000334701753103407,0.857988809897267,0.0943326972512143,0
0.000339814408746732,0.872906622716364,0.0958268159594478,0
0.000349434331066933,0.901059001662703,0.0986403570841308,0
0.000355052872144635,0.917550870588001,0.100284930418442,0
0.00036049244645166,0.933551546990582,0.101878027393378,0
0.000365537186672,0.948420422977128,0.103356275646709,0
0.0003706356313009,0.963476189618981,0.104851019715694,0
0.000376016399336142,0.979396470651802,0.106429350739759,0
0.00038201660599721,0.997186351062163,0.108190355367991,0
0.000393572179208632,1.0315547872281,0.111584648598988,0
0.000405998075937462,1.06866628275876,0.115238658044085,0
0.000416047528308796,1.09879453780642,0.118196842564858,0
0.000429705120026499,1.13989976676759,0.12222131252047,0
0.000440780274211351,1.17336464746773,0.125488265085833,0
0.000453887935455612,1.21311997326652,0.129358646322473,0
0.000466855883516684,1.2526067382156,0.133191802899311,0
0.000479615120791493,1.29160502474877,0.136967074193041,0
0.000497042172262885,1.34509991788244,0.142129408529002,0
0.000511243526697768,1.388884002956,0.146341123359451,0
0.000530695563278602,1.44912672331935,0.15211697238306,0
0.000547545778119312,1.5015572697287,0.157126547813168,0
0.000562177639902294,1.54726526660363,0.161481192956397,0
0.000569455745097656,1.57006216797481,0.163648810532952,0
0.000577374873435202,1.594912309571,0.166008494138621,0
0.000589729036280166,1.63377271265948,0.169692057356603,0
0.000603709045855926,1.67788193227085,0.173863794449022,0
0.000609963961336165,1.69766278765254,0.175731457279887,0
0.000631929043318421,1.76734503976944,0.182295547495745,0
0.000645108213980054,1.80931516411449,0.186238067964947,0
0.000658662194187969,1.85260163635681,0.190295787982603,0
0.000672709282025953,1.89759190502819,0.194504358041787,0
0.000682728531047352,1.92976066371172,0.197508139842635,0
0.000697094450952596,1.97599806937725,0.201817869007649,0
0.000708755427899418,2.01362576278031,0.205318518672965,0
0.000718580355952466,2.04539487293996,0.208269621038905,0
0.000731766584502025,2.08812635328937,0.212232671995991,0
0.000748895701480647,2.14379276406439,0.217384635403235,0
0.000764245496587551,2.19382531535508,0.222005097430426,0
0.000774535193900468,2.22744187869082,0.225104319461102,0
0.000790190326592027,2.27870466755959,0.229822477792609,0
0.000807033277685893,2.33401256652531,0.234902442722864,0
0.000819265673818352,2.37428007696213,0.23859426676745,0
0.000840365413616997,2.44393103347436,0.244967045295405,0
0.00085827084582869,2.50322602074781,0.250379645752787,0
0.000889598462984607,2.60737605737236,0.259859511971884,0
0.000920506048518096,2.7106236539675,0.269224262443166,0
0.000970559525242723,2.87883299914507,0.284414338405839,0
0.00103704396243288,3.10409713515688,0.304635000627726,0
0.00107258658031241,3.22534638953113,0.315464663192907,0
0.00110740204331604,3.34465035036678,0.326085514016806,0
0.00112715689074239,3.41257533555406,0.332117416605163,0
0.00117745566264882,3.58625431472235,0.34749286326491,0
0.00120814212171799,3.69271642938635,0.356885055804131,0
0.00122914910619344,3.76581162662765,0.363319706266829,0
0.00126046717055965,3.87510244525049,0.372920201335642,0
0.00128645680624807,3.96608204933249,0.380893918721536,0
0.00130335201881629,4.02536119612444,0.386080604246884,0
0.00131687207006208,4.07287411828876,0.390232918856935,0
0.00133747534027895,4.14540775414852,0.396563647292975,0
0.00137173125171929,4.26634376388301,0.407097276207461,0
0.00137954268117467,4.29397937509304,0.409500633519508,0
0.00140322747599877,4.37790318301226,0.416790813489484,0
0.00143075749553376,4.47569610274225,0.425270211268879,0
0.00145813525785184,4.57320429489801,0.433708638608207,0
0.00149484630636816,4.70434739871678,0.445032877294745,0
0.00153663761369497,4.8541764512549,0.45793660512832,0
0.00156664650799319,4.96210945511713,0.467210274715264,0
0.00159460488853464,5.06292279780524,0.475856128593862,0
0.00164087433667031,5.23029399696369,0.490176650446637,0
0.00168203702037997,5.37973771944443,0.502929059449207,0
0.00170494805549132,5.46313587735049,0.51003198335155,0
0.00173071575001,5.55711613252922,0.518024707878991,0
0.00177238934785995,5.70951384051181,0.530960383079415,0
0.00179995816920403,5.81060225962199,0.5395240088411,0
0.00189275422826139,6.15240878438744,0.568383878874582,0
0.00195157089984098,6.37025483892535,0.586703056080603,0
0.00200574164541947,6.57169158093753,0.603593106927827,0
0.00209165940771238,6.89270660607425,0.630415745444284,0
0.00214085784645935,7.0773473381191,0.645793269616981,0
0.00221307557626409,7.34943090600123,0.668389094391019,0
0.00230818217740711,7.70960491789128,0.698187573956541,0
0.00241612628975137,8.12086344390951,0.732062674624887,0
0.00246722352089082,8.31642689435773,0.748117531078003,0
0.00254842027249549,8.62832932347917,0.773654671952262,0
0.00257729225961568,8.73956673414652,0.782742413777172,0
0.00262920256258869,8.93999453752098,0.799091040984355,0
0.00276712592601317,9.4751366798879,0.842585454058329,0
0.00289439159974824,9.97218589339388,0.882789517471952,0
0.00299512600306579,10.3677508987174,0.914658243202753,0
0.00316163911842643,11.02559991675,0.967422484463697,0
0.00328359753634943,11.5104621260205,1.00613326540597,0
0.00333450372320757,11.7135832531054,1.02230707193778,0
0.00345652679016704,12.2021901233074,1.06111254695771,0
0.00348912397499022,12.3331204809012,1.0714875881912,0
0.00359340959773977,12.7531160337302,1.10470332838536,0
0.00365610121871854,13.0064060093861,1.12468812841901,0
0.00375885515948888,13.4228428464164,1.15747101754097,0
0.00384676225225182,13.7803512488712,1.18554321511224,0
0.00388532327968466,13.9375298778062,1.197864714032,0
0.00392977914460248,14.1190018575652,1.21207535831382,0
0.00405223408922206,14.6203194980597,1.25124922748492,0
0.00416312900125763,15.0761085851117,1.28676244251345,0
0.00420958717064464,15.2675540110193,1.3016506517712,0
0.00427857096772182,15.5523571627631,1.32376861199603,0
0.00432816693258548,15.7575064960707,1.33967842065774,0
0.0043550929823653,15.8690189810107,1.34831878462438,0
0.00442780717475482,16.1706310192275,1.37166195352991,0
0.00446932474084125,16.3431476440953,1.38499649435648,0
0.00449769191654726,16.4611473655661,1.39411002570618,0
0.00453790668206689,16.6286045783861,1.40703343903652,0
0.00459990798774914,16.8871807572484,1.42696637607903,0
0.00461945159057625,16.9687866437652,1.43325153744968,0
0.00472201000664072,17.397799522756,1.46624986882702,0
0.00479158908578791,17.6895859905071,1.48865202415573,0
0.00482549154412141,17.8319702453203,1.49957181727543,0
0.00488517358833088,18.082956926567,1.51880188427002,0
0.00493081491651729,18.2751808880582,1.53351372184294,0
0.0050468602561611,18.7650143499993,1.57094165011013,0
0.00510043360081831,18.9916737891597,1.58823125638046,0
0.00513313955476019,19.1302076670274,1.59878964903523,0
0.00518696323400681,19.3584538847833,1.61617078602204,0
0.00533564255724985,19.9906269335915,1.66421751869401,0
0.00537498869146088,20.1583308794755,1.67694074900679,0
0.00540356839508688,20.2802509734676,1.6861846132647,0
0.00545536595505046,20.5014427433429,1.70294265280391,0
0.005545867505271,20.8886025325384,1.73223652524892,0
0.00571196008511175,21.6013826268685,1.78604332392946,0
0.00584078155165841,22.1561789755017,1.82781544195601,0
0.00592064938532017,22.5009919259422,1.85373066630678,0
0.00608069038565421,23.1938491220998,1.90569854663262,0
0.00616499734874891,23.5598454820757,1.93309459650392,0
0.00619845349444067,23.7052772404659,1.94397018240819,0
0.00624882027010929,23.9244212592051,1.96034695441032,0
0.00630437112161424,24.1664018460018,1.97841493312091,0
0.00642288647882707,24.6836316717334,2.01698161129976,0
0.00648689746396967,24.9635372531484,2.03782261577795,0
0.00652053518604017,25.1107794592646,2.04877756968963,0
0.00659457555973767,25.4352422080956,2.07289791805317,0
0.00673818196171022,26.0659802336682,2.1197091657228,0
0.00680699408931394,26.3688680673078,2.14215278619832,0
0.00687047581613194,26.6486657725387,2.16286522263147,0
0.00697768727871756,27.1220072448867,2.19786141145079,0
0.00722788134276652,28.2304797884021,2.27960637142715,0
0.00736345627261868,28.8333504027181,2.32394578066113,0
0.00740401266307259,29.013992472361,2.33721547013983,0
0.00755037997570286,29.6670503254922,2.38512758082965,0
0.00766843782529445,30.1950650505745,2.42379763757034,0
0.00776598862778953,30.6322040474023,2.45576703737338,0
0.0079494836589829,31.4565059513129,2.51594182603859,0
0.00803749737667362,31.8528139562915,2.54482289146513,0
0.00823486183677614,32.7436619190269,2.60962852725542,0
0.00829051430868907,32.9953940564887,2.62791264112795,0
0.00838528227833735,33.4245893551793,2.65905812138533,0
0.00860043354018243,34.4014492245555,2.72981517979038,0
0.00879508182316891,35.2881115821873,2.79388529893716,0
0.00887866603429615,35.6696843191095,2.82141374685069,0
0.00901384001269965,36.2878119000462,2.86595332001772,0
0.00912053487457119,36.776608263011,2.90112636595019,0
0.00919924790121426,37.1377159183244,2.92708458183206,0
0.00937295973642111,37.9361397009556,2.98440046833727,0
0.00949432158081716,38.495156538772,3.02446669878359,0
0.00964234317373685,39.1782993328847,3.07335970263147,0
0.00988337878171978,40.2937871558329,3.15303479545882,0
0.00999064746000298,40.7914211586118,3.18851578318663,0
0.0100789409076054,41.2015766496216,3.21773085380497,0
0.0102653432419362,42.0690977193,3.27943946378732,0
0.0104906253386425,43.1204483001217,3.35407394169118,0
0.0105985197045497,43.6250727850391,3.38983949784313,0
0.0106714247777248,43.9664508024301,3.41401412101118,0
0.0107325037940124,44.2526995808415,3.43427199353757,0
0.0110235278045719,45.6196418878996,3.53085252224802,0
0.0110774877533412,45.8736401985847,3.54877024597314,0
0.0112665373752583,46.7648613057554,3.61157041298429,0
0.0113405060810955,47.11412606625,3.6361525255608,0
0.0114174412744134,47.4777293494283,3.66172672191458,0
0.0116171343020209,48.4230611390874,3.72813645857349,0
0.0117428643828329,49.0194039526863,3.76997063190428,0
0.01188492118622,49.6942383895555,3.81725691966182,0
0.012058085135752,50.5183412121457,3.87492577255699,0
0.012255009928005,51.4574960965552,3.94054453597316,0
0.0123258253333975,51.7957298634227,3.96415092976222,0
0.0124654986632291,52.4636277048483,4.01072571725092,0
0.012564556252951,52.9379296362846,4.0437685709443,0
0.0128019315086236,54.0765965506933,4.12298902201551,0
0.0129146388221363,54.6182603422827,4.16062229922547,0
0.0130381798293727,55.2127347169914,4.20188678604058,0
0.01324595406564,56.2142750085704,4.27131860899592,0
0.0133612621942662,56.7710301373111,4.30986832019343,0
0.013524836085233,57.5619614617282,4.36457506889276,0
0.0136092224910502,57.9705102830634,4.39280731459547,0
0.0138919051972011,59.3416121599179,4.48742788250922,0
0.0140497069426204,60.1086711243924,4.54027860316667,0
0.0141865414663644,60.7747675084936,4.58612461633458,0
0.0143330674563605,61.4890177435263,4.63523567418322,0
0.0145796201982867,62.6931105532486,4.71791405421748,0
0.0147300754903968,63.4292663971835,4.76839256302439,0
0.0148099067714671,63.8202885895576,4.79518403744179,0
0.0149382722278814,64.4496417655636,4.83827471361328,0
0.0153747558481865,66.5951600058182,4.98489755664129,0
0.0156750827629727,68.0762757767988,5.0858716648641,0
0.0160560303865054,69.9605820309189,5.21405334288279,0
0.0162094045162689,70.7209666900938,5.26569243240079,0
0.0163428723090418,71.3834647216245,5.31064387808105,0
0.0164980024114197,72.1544206211966,5.36290798957087,0
0.0166892196012683,73.1060870653907,5.42735476275528,0
0.0168013321127905,73.6647548974688,5.46515312879964,0
0.0169368000561379,74.3404869052371,5.51083801640309,0
0.0171741959424419,75.5264333928265,5.59092904310765,0
0.0172931889249242,76.1217283956066,5.63108938021833,0
0.0174308607265565,76.8111699493569,5.67756647037049,0
0.0175817131583972,77.5674755070179,5.7285086813666,0
0.0176612642486716,77.9666673370071,5.75537919188282,0
0.0178195720871223,78.7617974140029,5.80886506585541,0
0.0180055448786548,79.6971167258493,5.87172003021868,0
0.0181095488208488,80.2207657634118,5.90688159415611,0
0.0182128257162785,80.7411622310866,5.94180467421601,0
0.0183142877106697,81.2528077072455,5.97612110565642,0
0.0184144271855936,81.7581651618885,6.00999705977806,0
0.0184904377359846,82.1420067804929,6.03571499946811,0
0.0187338904286408,83.372857769273,6.11811245553081,0
0.0189404977701642,84.4191478464229,6.18807024197799,0
0.019114259792941,85.3003169255405,6.24692816022534,0
0.0192507207822639,85.9930983595665,6.29316494665427,0
0.0193536944292212,86.5163181906354,6.32806323626652,0
0.0195694838333183,87.6140025921698,6.40121736350123,0
0.0198003486369312,88.7902108730663,6.47951485097508,0
0.019998626095335,89.8018957129463,6.54678707968544,0
0.0201842262433559,90.7501430339469,6.60978024091458,0
0.0202770768252323,91.2249740990507,6.64130193423571,0
0.0204033114437599,91.8710065901375,6.68416559098767,0
0.0205652675345612,92.7006535314219,6.73917288005276,0
0.0206772079918245,93.2746111166814,6.77720197449539,0
0.0207796847614239,93.8004186668958,6.81202261644614,0
0.0208775257641308,94.3027719135211,6.84527393521983,0
0.0210227756645128,95.0491355055904,6.89464770717083,0
0.021087365416024,95.3812559828057,6.91660726137141,0
0.0211999043170867,95.9602639219231,6.95487469109601,0
0.0215296467214162,97.6591940617875,7.06704210269749,0
0.0216280831985957,98.1670619403782,7.10053915648753,0
0.0219356491898304,99.7559377647289,7.20523696747378,0
0.0220752376974209,100.478057986046,7.2527717379849,0
0.0222464322527231,101.364537282865,7.3110844901816,0
0.0223974951142655,102.147547823086,7.36255357879627,0
0.0225462547497903,102.919327656181,7.41325034835488,0
0.0229196178169864,104.859439227279,7.5405449579923,0
0.0230074579352184,105.316516438316,7.57050429399399,0
0.023149440184657,106.055828474827,7.61893855343441,0
0.0232792984569788,106.732554523281,7.66324649658478,0
0.0235456738538319,108.122324753591,7.75416266281074,0
0.0237752336707361,109.321746595919,7.83254358809254,0
0.0239601720788877,110.28918291151,7.89570914045716,0
0.0241367680464602,111.213934703904,7.95604200135347,0
0.0245000672756117,113.119276747844,8.08021151020332,0
0.0248426326841102,114.919430913717,8.19735632639964,0
0.0249306956645384,115.382746791931,8.22748022686779,0
0.0250965885651172,116.256149369218,8.28423815213233,0
0.0251973775907331,116.787176164309,8.31872841433768,0
0.025289519854915,117.272900624496,8.35026415230624,0
0.0255232702402597,118.506193623921,8.43028417999109,0
0.025708252218021,119.483277672513,8.49362829469617,0
0.025925236276706,120.630626553342,8.56795226744299,0
0.0261440680504149,121.789079375207,8.64293220744641,0
0.0264203872368823,123.253757816907,8.73764228385458,0
0.0267352353405467,124.925225413136,8.84560256388987,0
0.0268685122227272,125.633581543901,8.89131678032851,0
0.0269430638047297,126.030027567844,8.91689173354071,0
0.0272356131853505,127.587178970267,9.01727589184361,0
0.0273875016744712,128.396541313318,9.06940986142629,0
0.0274966928990455,128.978764805893,9.10689503120123,0
0.0277933556395964,130.562211038761,9.20876632270869,0
0.0278810129979187,131.030529454293,9.23887470173052,0
0.0280768958609509,132.077782399675,9.30616867514685,0
0.0283739713423829,133.667953651448,9.40825931709873,0
0.0286614428573267,135.208891490928,9.50708679692766,0
0.0287996514488815,135.950488742229,9.55461333756495,0
0.02896949370997,136.86249341548,9.61302935133911,0
0.029261492834987,138.432157365773,9.71348960079868,0
0.0295401488249591,139.932097831807,9.80939346962231,0
0.0297937907717476,141.299080979653,9.8967171631387,0
0.0299864921040295,142.338696994094,9.96307846523763,0
0.0301313691843384,143.120906610291,10.0129806315309,0
0.0302853740777884,143.952963793183,10.0660364566764,0
0.0303688551822053,144.404237878855,10.0948004459323,0
0.0304711705672134,144.957556387765,10.1300578631906,0
0.0307055074391782,146.225801629441,10.2108255929483,0
0.030881752897427,147.180527641516,10.2715861206119,0
0.0311034939334069,148.382765130748,10.3480492493886,0
0.031308122451587,149.493264728126,10.4186291650458,0
0.0314427612341827,150.224479853089,10.4650776285129,0
0.0317302168028017,151.787068350454,10.5642700375555,0
0.0318456746133009,152.415236330114,10.6041203880137,0
0.032095654952193,153.776365659991,10.6904193889402,0
0.0322063385072147,154.379496514782,10.7286377857689,0
0.0323192821325517,154.995235737878,10.7676415283401,0
0.0323845940134874,155.351433768886,10.7901984905153,0
0.032721882619521,157.192502458421,10.9067153138786,0
0.0330802475446239,159.15146630207,11.0305611520096,0
0.0334519825422674,161.186591632343,11.1590793964429,0
0.0337460930397433,162.798948159894,11.2607979556791,0
0.0339031423377286,163.660705457153,11.3151270026016,0
0.0340484708340572,164.458636243786,11.365409607632,0
0.0342324909007339,165.469674070759,11.4290904841463,0
0.034533765194707,167.126533836855,11.5333746771854,0
0.0349953741405242,169.668995350341,11.6932222163302,0
0.035091072558695,170.196663033807,11.7263706890054,0
0.0355353828921466,172.649104740554,11.8803162252467,0
0.0357759029569241,173.97845132147,11.963681556305,0
0.0361709719665623,176.164641249808,12.1006587132823,0
0.0365212732316938,178.105840800131,12.2221599669757,0
0.0367900469002135,179.596986420848,12.3154124949071,0
0.0368765148254593,180.077025079886,12.3454183364746,0
0.0370062258430211,180.79742299395,12.3904350949323,0
0.0371941455057982,181.841717819895,12.4556636514528,0
0.0375263622080827,183.689658592733,12.5710084523009,0
0.037627980561048,184.255355090666,12.6062975694779,0
0.0378113464585424,185.276659383839,12.6699840676324,0
0.0380189362539905,186.433704393367,12.7420976337292,0
0.038274724849999,187.860586276203,12.8309745525352,0
0.0385565209726792,189.434061058188,12.9289132772854,0
0.0388431570158493,191.036178438896,13.0285610085161,0
0.0392136301829723,193.109293587153,13.1573941949294,0
0.0394025247957964,194.167356316784,13.2231000578557,0
0.0396067410491148,195.312022991552,13.2941484327336,0
0.039887464386626,196.88684482801,13.3918360744164,0
0.0400695705643335,197.909250387169,13.4552198483748,0
0.0403256613341364,199.348107700879,13.5443724898499,0
0.0405070091622554,200.367776665227,13.607517483958,0
0.0407526407716977,201.749893166523,13.6930624711719,0
0.0410531737924161,203.442481292834,13.7977533850323,0
0.0413255677954654,204.978059984598,13.8926662959677,0
0.0414493218264516,205.676163005948,13.9357947005754,0
0.0415694383702583,206.354020032217,13.977659945411,0
0.0419118866677299,208.288039729593,14.097040643448,0
0.0423716692560157,210.888124837008,14.2573812904072,0
0.0424748714112477,211.472269383096,14.2933799049784,0
0.0427024744695159,212.761234685785,14.3727829140229,0
0.0429496339019116,214.162018658527,14.4590260256621,0
0.0433056383632404,216.181626449419,14.5832811204261,0
0.0435629489107476,217.642763651623,14.6731126952633,0
0.0436153060069639,217.940218357953,14.691393847638,0
0.0437904676344279,218.935714028644,14.7525596129885,0
0.0438895084387327,219.498834124443,14.7871482463339,0
0.0439720946361662,219.968530830925,14.8159925203403,0
0.0440584874787814,220.460006673848,14.8461684356113,0
0.0441348685686825,220.894637200504,14.8728491778833,0
0.0444443263153121,222.656594901621,14.9809633892983,0
0.044566307650505,223.351582100699,15.0235871808021,0
0.0447787474752034,224.562577632834,15.0978299628194,0
0.0450540931517162,226.13333434674,15.1940760566607,0
0.0452908840424613,227.485201622801,15.2768626903,0
0.0454361322135458,228.314920456371,15.3276520805879,0
0.0456624100667912,229.608239119622,15.4067872132234,0
0.0457862415407566,230.316385266069,15.4501003182409,0
0.0459329579004461,231.155741322955,15.5014235245197,0
0.0460957271830464,232.087365264417,15.5583692640576,0
0.0461764858892524,232.54976211612,15.5866258806998,0
0.0464976715910122,234.389857553557,15.6990232333303,0
0.0466939694787296,235.515320716987,15.7677307176963,0
0.0469174740195028,236.797561344461,15.8459738488988,0
0.0471063163046133,237.881598234479,15.9120932628456,0
0.0475564434637738,240.467922748133,16.0697355002611,0
0.0477472109490325,241.565042277902,16.1365620506319,0
0.0479491025158334,242.726791803404,16.2072960526251,0
0.048138604318024,243.817856808486,16.2736991420354,0
0.0486018396294731,246.487429556719,16.4360610621414,0
0.0487853717573634,247.546071250316,16.5004039577582,0
0.0490766761209947,249.227480205167,16.6025479440075,0
0.0492970482277376,250.500377703187,16.6798347482929,0
0.0494486538697687,251.376524436508,16.7330117806307,0
0.049713342675768,252.907074110461,16.8258680381796,0
0.0500235758776469,254.702403815579,16.9347248910745,0
0.0503604384476406,256.653567158293,17.0529536316832,0
0.0505950747710373,258.013677301019,17.1353211186219,0
0.0507143783264977,258.705572908948,17.1772071877727,0
0.0509688225553829,260.181955578373,17.2665515909551,0
0.051243469246655,261.77669457348,17.3630081181657,0
0.0515012955854425,263.274832551393,17.4535745248897,0
0.0518690453386195,265.413475015746,17.5827823244145,0
0.0519401304788204,265.827109637758,17.6077617554614,0
0.0524145363961263,268.589594742733,17.7745007132749,0
0.0526325918950097,269.860492763406,17.8511590182674,0
0.0527950977530605,270.808099082208,17.9082961827752,0
0.0529827531215493,271.902854955273,17.9742839400298,0
0.0531526160798893,272.894270725859,18.0340224933649,0
0.053541009187288,275.162781394993,18.1706414310716,0
0.053810110625561,276.735862359419,18.2653203071823,0
0.0540825277172992,278.32942416409,18.361183396023,0
0.0545278554872963,280.936831667055,18.517931473949,0
0.0546508211041513,281.657314434342,18.5612216292787,0
0.055013065154859,283.781072449685,18.6887706660774,0
0.0553620813342298,285.829092241414,18.811691149555,0
0.0554863559252912,286.55876091099,18.8554664452137,0
0.0557929111835694,288.359633430005,18.9634648069366,0
0.0560814869357427,290.05612432741,19.0651489027551,0
0.0562546483608088,291.074687688265,19.1261741904731,0
0.0563277714394186,291.504938540121,19.151946181562,0
0.0564614836642363,292.291889434737,19.1990757862881,0
0.0566936441497902,293.658854989558,19.2809151915324,0
0.0568948207476272,294.844007528444,19.3518423217072,0
0.0569463311916814,295.147553433632,19.3700044005228,0
0.0571417002373728,296.29918553278,19.4388950769334,0
0.0573041543373502,297.257206659592,19.4961859123582,0
0.0574450694155307,298.088509863653,19.5458856425373,0
0.0576581023599382,299.345790021641,19.6210292933388,0
0.0579859095464203,301.281689278409,19.7366773936498,0
0.0581833745290308,302.44856383542,19.8063532287808,0
0.0585920223810102,304.865098200999,19.9505727394923,0
0.0587188745310555,305.615707632465,19.9953487497467,0
0.0588032233087705,306.11493921343,20.0251239678637,0
0.0590597508785933,307.633840911062,20.1156881018605,0
0.0593910396561982,309.596742114996,20.2326671267174,0
0.0596951971773497,311.400211428121,20.3400870634923,0
0.059860289498171,312.379636451984,20.3984014534594,0
0.0600527673773394,313.521996223821,20.4663964823936,0
0.0602790568430327,314.865670225874,20.5463460454108,0
0.0604056507014318,315.617667968954,20.5910772870086,0
0.0606632022503509,317.148252086609,20.6820922917137,0
0.0609145780409921,318.642993880244,20.7709385141404,0
0.0611894685797254,320.278528018226,20.8681111479475,0
0.0613164871176141,321.03459899306,20.9130170621772,0
0.061421420576712,321.659371692531,20.9501176247829,0
0.0616534513937939,323.041399849956,21.0321633113156,0
0.061856436977332,324.251012841698,21.1039479258332,0
0.0620315299882826,325.29484817991,21.1658754305196,0
0.062266008788775,326.693350573457,21.2488167270495,0
0.0625487470236998,328.380646778599,21.3488438526392,0
0.0627467910090941,329.563136322539,21.4189177108037,0
0.063239234261206,332.505652496667,21.5931938375432,0
0.0635278321765162,334.231585034979,21.6953520241696,0
0.0636403248088124,334.904627983462,21.7351768877253,0
0.0638409146541215,336.105160679252,21.8061964918848,0
0.0640392130495911,337.292487306609,21.8764128289107,0
0.0641233475777229,337.796401516013,21.906206794397,0
0.0642923808500245,338.80908095875,21.9660696755381,0
0.0644617235202873,339.82397998752,22.0260479068487,0
0.0646825059318305,341.147714766268,22.1042538607385,0
0.0647545923094422,341.580053915812,22.1297905484234,0
0.0648554661520748,342.185157059097,22.1655269776404,0
0.0650141825260176,343.137496272371,22.2217593142551,0
0.065138883413294,343.885957384303,22.2659436772236,0
0.0653787674397522,345.326305636085,22.3509487508478,0
0.0655720747865293,346.487518352255,22.4194572665126,0
0.0656855121857947,347.169164466939,22.4596631544864,0
0.0658932931520215,348.41814002418,22.5333140466074,0
0.0661634722777886,350.042999407117,22.6290955569978,0
0.0663715647098748,351.295089210533,22.7028764065944,0
0.0665335394582678,352.270061980147,22.7603117219449,0
0.0667507756971948,353.578180308532,22.8373504782565,0
0.0669231139359489,354.616354290796,22.8984735314254,0
0.0671342277720629,355.888613734756,22.973356943075,0
0.0675128802364632,358.171903437412,23.1076889442378,0
0.0678382426120561,360.135254637242,23.223137615235,0
0.0679107461585458,360.572942670189,23.2488668893812,0
0.0680545469151411,361.441225785939,23.299900320022,0
0.0684266861222823,363.689405381728,23.4319870583958,0
0.0686921700587922,365.294280680378,23.5262337566722,0
0.0688084833401394,365.997673428261,23.5675291318052,0
0.069094061255498,367.725367687675,23.6689303367511,0
0.0694134913223612,369.659021064326,23.7823697260483,0
0.069546737187489,370.465978879324,23.8296950626802,0
0.0698448335924302,372.272064259016,23.935582873775,0
0.0699620862959987,372.982756439597,23.9772371322257,0
0.0702560432046568,374.76520550855,24.081677139761,0
0.0703730761923061,375.475136269018,24.1232622687648,0
0.0706525647912662,377.171189071544,24.2225827034308,0
0.0708570483277546,378.41266287151,24.2952580867305,0
0.0712421126875281,380.75182302548,24.4321344278349,0
0.0714712892944262,382.144831320952,24.5136112218721,0
0.0719660441501583,385.154194341898,24.6895388820692,0
0.0728182729445508,390.344547220957,24.9926827587956,0
0.0733477345936899,393.573344057244,25.1810815673453,0
0.0735180269225792,394.612511852218,25.2416874366585,0
0.0737381545631255,395.95627643134,25.320036964128,0
0.0739688966209544,397.365426808218,25.4021736479526,0
0.074123239207996,398.308339209134,25.4571198368,0
0.0744561192754033,400.342891422181,25.5756398787935,0
0.0745870384679898,401.143407244531,25.6222582271542,0
0.0748512191157413,402.759346998177,25.7163380836955,0
0.0752573595065864,405.245150026459,25.8609962541593,0
0.075656977721487,407.692829052406,26.0033592665944,0
0.0761059190216226,410.444728028144,26.1633263355521,0
0.0763326702727627,411.83550375478,26.2441356383029,0
0.0768611915678937,415.079377964131,26.4325234081075,0
0.0771999822317477,417.160363455816,26.5533079667773,0
0.0776209303254631,419.747735950743,26.7034100529158,0
0.0781156120857183,422.790773256956,26.8798422387707,0
0.0782861343258318,423.840354807945,26.9406698453589,0
0.0787427065317339,426.652143951303,27.1035592232228,0
0.0789289395605573,427.799698163946,27.1700107499927,0
0.0794328666042752,430.906718341503,27.349850353102,0
0.0796675596863881,432.354668938005,27.4336210163869,0
0.0800086378356456,434.460009485719,27.5553805526781,0
0.0803131400357155,436.340620917886,27.6640991073282,0
0.0805671241844973,437.909979733646,27.754792392697,0
0.0810719973517017,441.031584911402,27.9351047966422,0
0.0815334478532349,443.88704180403,28.099945021221,0
0.081806175441177,445.575723326716,28.1973853582434,0
0.0821566517408173,447.746944135207,28.3226212740835,0
0.0823396262167063,448.880986352573,28.3880114340847,0
0.0828068848940987,451.778535780363,28.5550212369387,0
0.0830329721759571,453.181346388414,28.6358428176802,0
0.0838464335966365,458.232977554092,28.9267051308321,0
0.0847400786193069,463.790298562972,29.2463570538973,0
0.08505004323778,465.7197605707,29.3572585903921,0
0.0854552903931156,468.243789156681,29.5022733590108,0
0.0856118396884375,469.219275634275,29.5583001415554,0
0.0858316433178272,470.589323682634,29.6369710852305,0
0.0865662722822704,475.17179015168,29.8999589824021,0
0.086798577004427,476.621971599761,29.9831381769776,0
0.0873218646291271,479.890585116517,30.1705367397034,0
0.0875911952430399,481.573953746643,30.2670048414903,0
0.0879024768288173,483.520407947204,30.3785123529407,0
0.0882677704994102,485.805806427999,30.5093865436669,0
0.0885379328527212,487.496866178252,30.6061906851498,0
0.0889223707609549,489.904443692513,30.743960494206,0
0.0893684436590457,492.699804142511,30.9038455641795,0
0.0898188570921731,495.524305969447,31.0653160470372,0
0.0901132300314472,497.371341865238,31.1708629862968,0
0.0903699903339856,498.983053637085,31.2629342830278,0
0.0907799800062773,501.557903311595,31.4099717157509,0
0.0912934992185807,504.785195719414,31.5941729449686,0
0.0915846769139958,506.616254400266,31.6986363197872,0
0.0919045685332721,508.628799291757,31.8134151621654,0
0.0922605135200517,510.869296596652,31.9411473361372,0
0.0926567862776937,513.365031093878,32.0833724987704,0
0.0930280501613314,515.704586993114,32.2166420011691,0
0.0934179098194889,518.162703741742,32.3566076302584,0
0.0940065120204828,521.876581486863,32.5679653827429,0
0.094283437387916,523.624989448127,32.6674216846187,0
0.0945712533662921,525.442902871821,32.7708006250404,0
0.0947224185664344,526.398001743428,32.8251013857466,0
0.0949507335292431,527.840947761886,32.9071214869225,0
0.0952479846956718,529.720281778259,33.0139171166681,0
0.0954545993813607,531.02705156076,33.0881562961118,0
0.095770488793627,533.025697280072,33.2016705868454,0
0.09588844851421,533.772265323863,33.2440627168669,0
0.0961527406856088,535.445429452341,33.3390504391216,0
0.0963862483096286,536.924229339107,33.4229820186046,0
0.0966359488848475,538.506122256889,33.5127421998825,0
0.0969345837769339,540.398757555014,33.620104009401,0
0.0972419169668201,542.347353952094,33.730605573779,0
0.097728890217941,545.436656899562,33.9057228357776,0
0.0980654708775456,547.573120383463,34.0267770817405,0
0.0986166199186316,551.073737405704,34.2250355879842,0
0.0989024555932373,552.890276674942,34.3278719556583,0
0.0990583983480603,553.881625640605,34.3839807607763,0
0.0994417698633333,556.319678474397,34.5219330472836,0
0.0995763852806489,557.176071704902,34.5703776392829,0
0.0998590581531264,558.974889672903,34.6721120624492,0
0.100246755331586,561.443175521709,34.8116620423058,0
0.10056450383148,563.46710700189,34.9260490227937,0
0.100756122575737,564.68806603688,34.9950366733188,0
0.101078447918146,566.742580975955,35.111092873179,0
0.101277270429106,568.010331834861,35.1826875028454,0
0.101573502968441,569.899830348195,35.2893683599614,0
0.101813601319888,571.431835226093,35.3758422292631,0
0.101976849066076,572.473759359141,35.4346418338872,0
0.102588601686973,576.38028433229,35.6550173648869,0
0.102876545446547,578.220139818812,35.7587618422409,0
0.10319178669006,580.235225688151,35.8723536338621,0
0.103531781444813,582.409486839797,35.9948791675579,0
0.103803499485998,584.147823334059,36.0928100879499,0
0.104356716670807,587.688997998397,36.2922261503591,0
0.10459703104549,589.228066548765,36.3788634138829,0
0.10478906911081,590.458302955666,36.4481015168711,0
0.105321801542331,593.872715717144,36.6401990967041,0
0.10547558431545,594.858788093699,36.6956581330482,0
0.105740427657568,596.557455082449,36.7911761346725,0
0.105866923376685,597.368986258504,36.8368009823025,0
0.106101239922162,598.872591170895,36.9213202326441,0
0.106539433245099,601.685690456917,37.0793972694981,0
0.106607235628008,602.121107847153,37.1038589214937,0
0.106814511296281,603.452438400133,37.1786430869102,0
0.107199188166261,605.924153987317,37.3174469099498,0
0.107449635394855,607.534039728975,37.4078261527016,0
0.107770869906272,609.599702077449,37.5237617882149,0
0.1082549282492,612.713978274793,37.6984854913341,0
0.10843922393489,613.900179846827,37.765015626279,0
0.108664915359774,615.353197512722,37.8464951239914,0
0.108938697006731,617.116378714019,37.9453445489452,0
0.109344694717656,619.732162489044,38.0919475906633,0
0.109627934371261,621.557822815211,38.1942353283282,0
0.11026623834933,625.674467603698,38.4247846329957,0
0.110633970826611,628.047586973035,38.5576282936059,0
0.11139454700441,632.959305797214,38.8324382967723,0
0.111940187284175,636.485826255058,39.0296303953651,0
0.112698079697801,641.388058785893,39.3035878680834,0
0.113116393142487,644.095749719251,39.4548257049408,0
0.113352201666258,645.622714291728,39.540089394884,0
0.11400898395842,649.877963267451,39.7776030456614,0
0.114180709031468,650.99111361787,39.8397126403766,0
0.114513661930913,653.150022960885,39.9601449191328,0
0.114995339197666,656.274802528737,40.1343949142459,0
0.115319324948675,658.37760147796,40.2516139784121,0
0.115874118262214,661.980314838703,40.4523679245368,0
0.116211644685575,664.173299512469,40.5745202951103,0
0.117287271449379,671.167701528726,40.9638810531403,0
0.11759793109629,673.189446393184,41.0763595691373,0
0.117998928779458,675.800185232105,41.2215622676831,0
0.118405117994796,678.445964088507,41.3686632546091,0
0.119213448462591,683.714853041937,41.6614541642387,0
0.119472475739579,685.404291828061,41.7552936063279,0
0.119909657471957,688.256835594329,41.9136910692999,0
0.12027970066909,690.672425049846,42.0477797629849,0
0.120967303514754,695.163702102429,42.2969793023773,0
0.121504876121856,698.67745214841,42.4918413402153,0
0.121640247760196,699.56262162111,42.5409165162875,0
0.122045776385068,702.215103987928,42.6879414582046,0
0.122264713475599,703.647630566726,42.7673248289169,0
0.122932423498463,708.018691044123,43.0094587652475,0
0.123479870539811,711.604897717186,43.2080172625024,0
0.123785613790261,713.608704535416,43.3189240691472,0
0.124100702616272,715.674471065917,43.433231427847,0
0.124356529350389,717.352235945148,43.5260476072822,0
0.124693038714917,719.559854617581,43.6481467934093,0
0.12525908541286,723.275159519362,43.8535585876195,0
0.126166975841356,729.238993441902,44.1830924151091,0
0.126490925386755,731.368409348164,44.3006962997663,0
0.127116383037571,735.481840580725,44.5277882900255,0
0.127650446340091,738.996397742108,44.7217290835315,0
0.128124851810512,742.120050311779,44.8940305312443,0
0.128551013036394,744.927397874885,45.0488298513273,0
0.129300541264065,749.868026572786,45.3211349329785,0
0.130190449954913,755.739091717498,45.644515523721,0
0.130607361815795,758.491512283056,45.7960434349756,0
0.130865579014542,760.196846916228,45.8899021612684,0
0.131530884080132,764.592820729572,46.131763447611,0
0.131814778019827,766.469566157111,46.2349823098728,0
0.132404480845474,770.369700360313,46.4494139140934,0
0.133062844473855,774.726751584809,46.6888537078928,0
0.133915086138832,780.371275452913,46.998869243782,0
0.134957432088451,787.28158186515,47.3781361804073,0
0.135232738176554,789.107966937401,47.4783267094837,0
0.136020703007652,794.338152354671,47.7651273442474,0
0.136962310190296,800.593598857809,48.1079299166733,0
0.137927202767369,807.009856248986,48.459299299335,0
0.138786792666567,812.731066386785,48.7723981160802,0
0.139528878877116,817.674110882764,49.0427542601496,0
0.140037099913451,821.061457454482,49.2279392523411,0
0.140224909371733,822.313653968927,49.2963792755369,0
0.140463989438979,823.908023526652,49.3835077786975,0
0.140889014055222,826.74333228802,49.5384138831533,0
0.141423952979454,830.313537753535,49.7334040876039,0
0.141716107281909,832.264170226084,49.8399084494437,0
0.142130599411312,835.032563676652,49.9910246481759,0
0.142868354709722,839.96276851321,50.2600365294239,0
0.144103446502893,848.224334586406,50.7105087335756,0
0.144689232421334,852.146073589956,50.9242105828915,0
0.144973666225625,854.051096002231,51.0279869355851,0
0.145519162821378,857.706044002932,51.2270335132871,0
0.146171586930407,862.079896187627,51.4651327978357,0
0.146330105440512,863.143009061115,51.5229893060373,0
0.147255472080444,869.352175656653,51.8607778000414,0
0.147916051065425,873.78790408108,52.1019578753925,0
0.148751754560587,879.403467844861,52.4071330968495,0
0.149160630124392,882.152510904486,52.5564657479138,0
0.149840745064443,886.727497849684,52.8048956863719,0
0.15001624961044,887.908541758907,52.8690100633688,0
0.15031965819111,889.950752323327,52.9798561292282,0
0.150563168904801,891.590205552445,53.0688252754353,0
0.150992533888289,894.48182099367,53.225711019369,0
0.151257426263161,896.266336230821,53.3225082376041,0
0.152053765515807,901.633656389502,53.6135445959132,0
0.152390206949572,903.902428062531,53.7365198917554,0
0.15308557523383,908.593775032459,53.9907207764502,0
0.154413317847964,917.559581669593,54.4762115472501,0
0.155220049667,923.012343284168,54.7712687841671,0
0.155697144175492,926.238890845161,54.945789623438,0
0.156229167717698,929.838516817527,55.1404265498515,0
0.157495141227875,938.410733667567,55.6036711277979,0
0.158019537555398,941.964321156832,55.7955980368342,0
0.158792497144353,947.205251453073,56.0785405737713,0
0.160037989724634,955.657469429475,56.5345602049766,0
0.161743408865739,967.245481756408,57.1591860592689,0
0.162460046102857,972.11991067632,57.4217333048626,0
0.163437662128534,978.774218720099,57.7799610834115,0
0.164480010772202,985.875151192374,58.1619952295952,0
0.164739665810829,987.64499558402,58.2571759420948,0
0.165554503437658,993.201521083361,58.5559033424376,0
0.165921748248709,995.707056772222,58.6905564741738,0
0.166370916608671,998.772550981308,58.8552623345968,0
0.167125821067827,1003.92719409097,59.1321154272082,0
0.167509502849482,1006.54827660822,59.2728441542954,0
0.168266468827188,1011.72182352777,59.5505225098311,0
0.169017086774813,1016.85513516632,59.8259173702432,0
0.1699428530769,1023.19055131357,60.1656342039381,0
0.170179295647978,1024.80938880457,60.2524094403826,0
0.170528862869988,1027.20331493925,60.3807098967553,0
0.170967945371502,1030.21121767971,60.5418784777916,0
0.17230504185967,1039.37741243997,61.032763111539,0
0.173218805907686,1045.64715190278,61.3683111294874,0
0.17402874074116,1051.20826492979,61.665785670144,0
0.174686422048764,1055.7265975731,61.9073775187001,0
0.175089328651526,1058.49575640719,62.0553971936387,0
0.175452433828915,1060.99211022854,62.1888053189197,0
0.176317579145883,1066.94284940177,62.5067082220137,0
0.176834992743062,1070.50369555883,62.696862298215,0
0.177544619869839,1075.38967937579,62.9576896590381,0
0.177806514131823,1077.19357243254,63.0539599874419,0
0.178560245567293,1082.38720569302,63.331054841362,0
0.179225707724807,1086.97511261633,63.5757347911407,0
0.18006078428452,1092.73569813755,63.8828263235278,0
0.180596052512521,1096.43005141638,64.0796936035788,0
0.18112103754199,1100.05488945877,64.2727995562897,0
0.18192424049812,1105.60351128678,64.5682824209039,0
0.182489698483584,1109.51177777811,64.7763321576788,0
0.183063986108405,1113.48277113697,64.9876547504585,0
0.184919342450486,1126.32354364641,65.6705420885351,0
0.186920698749199,1140.19457650392,66.4074477282006,0
0.187838938019888,1146.56555274549,66.7456431506565,0
0.188570986178936,1151.64774788389,67.015306158024,0
0.190096438236845,1162.24677646194,67.5773566238785,0
0.190438571644788,1164.62556569037,67.7034378679828,0
0.191295956486074,1170.58937266616,68.0194333152091,0
0.191627377838045,1172.89565982298,68.1415949825861,0
0.192079833986303,1176.04508365634,68.308382471418,0
0.192630358847864,1179.87850832426,68.5113401147254,0
0.193498689812104,1185.92793733571,68.8315039541488,0
0.194203004313806,1190.83744203583,69.0912316383121,0
0.195494152575554,1199.8438719674,69.5674534920359,0
0.196395875614204,1206.13869870682,69.9001096698779,0
0.198134543519447,1218.28731543439,70.541682229186,0
0.198958060965457,1224.04659868671,70.8456341517675,0
0.199648748455963,1228.87945386077,71.1005954078303,0
0.200512075544886,1234.92351922672,71.4193304562493,0
0.202236692571684,1247.00805721193,72.056198665295,0
0.203151171966549,1253.42163235344,72.3939792563836,0
0.204105844044533,1260.12131603737,72.7466651731573,0
0.204904581932549,1265.72998879001,73.0417905033031,0
0.205923582490234,1272.88967794556,73.4183617116246,0
0.206109483461518,1274.19637759343,73.4870687013742,0
0.207279297034113,1282.42270960019,73.9194711257675,0
0.209158686819341,1295.65222007073,74.6143436291394,0
0.21089834742191,1307.91267320483,75.2577574145978,0
0.212623653568322,1320.08566000011,75.8960541188631,0
0.213274505032483,1324.68130010851,76.1368933868458,0
0.213613130114344,1327.07308099675,76.2622079173018,0
0.21420081658312,1331.22526862488,76.4797095169215,0
0.216194172656987,1345.32055899433,77.2176090253551,0
0.217658627976387,1355.6872859149,77.7598791768569,0
0.218445848073328,1361.26389112483,78.0514325441333,0
0.219254593862348,1366.99585167572,78.3509981805322,0
0.220232313166464,1373.92927610999,78.7132068996244,0
0.221177924585565,1380.63902446682,79.0635768407686,0
0.222292417676581,1388.55214982844,79.4765915614286,0
0.223742039977993,1398.8528954037,80.0139136017108,0
0.224590317025509,1404.88484137687,80.3283980825584,0
0.225774645665407,1413.31161218101,80.7675407521555,0
0.226785252578844,1420.50710634849,81.1423350433337,0
0.229204534292429,1437.75015384358,82.0397992090444,0
0.22978342927897,1441.87984609698,82.2545994261946,0
0.229961253916947,1443.14868913158,82.3205856161273,0
0.231519397125093,1454.27234578027,82.8988525732297,0
0.23209757319303,1458.40258602625,83.1134648522791,0
0.23370844991231,1469.91742339733,83.7115067628659,0
0.235080588942869,1479.73430657599,84.2210357838914,0
0.236883044051819,1492.64179187683,84.8905233914911,0
0.237584572714314,1497.66912510333,85.1511433417397,0
0.238978765959937,1507.66630503374,85.6691737585717,0
0.239926783784139,1514.46871662293,86.0214851963023,0
0.241042169684312,1522.47677908112,86.4360607935462,0
0.242472154087983,1532.75097283194,86.9676715842875,0
0.243355649276824,1539.10288976392,87.2961770301484,0
0.243913335947875,1543.11402417081,87.5035612675367,0
0.24657107165745,1562.24688879491,88.4921183691847,0
0.247773262294538,1570.91068728748,88.9394071321632,0
0.248917304980293,1579.16078466576,89.3651350694384,0
0.249733934805359,1585.0529728697,89.6690680276936,0
0.251002399495874,1594.21049760233,90.1412368092921,0
0.251831955011008,1600.20280493126,90.4500748729014,0
0.253132401041223,1609.60204045551,90.9342972871446,0
0.254624495862352,1620.39461043133,91.489992489503,0
0.25601639249027,1630.47024881323,92.0084787477505,0
0.257266756666952,1639.52776938371,92.4743316895204,0
0.259911543960383,1658.70621404203,93.4599827740654,0
0.261188333070519,1667.97433341457,93.9359442102405,0
0.26220193141892,1675.33639442908,94.3138540654283,0
0.262939333382282,1680.69481288806,94.5888205200566,0
0.263312900175633,1683.41016657454,94.7281289152707,0
0.265009048250716,1695.74562984491,95.3607376221057,0
0.266645418303684,1707.65661025211,95.9711915448599,0
0.267045753002978,1710.57213605825,96.1205588028162,0
0.268554599213213,1721.56601936327,96.6835918681402,0
0.269893455986327,1731.32840411854,97.1832895668464,0
0.272115251017021,1747.54344401947,98.0127238355937,0
0.273971275266169,1761.10295016163,98.7057997409211,0
0.274527403264782,1765.16829530406,98.9135023775425,0
0.275212090620971,1770.17497107565,99.1692405036908,0
0.275976700303562,1775.76808502305,99.4548580074374,0
0.278870013369703,1796.95183314325,100.53590741692,0
0.280671633942086,1810.15786685218,101.209267619427,0
0.281742616095694,1818.01377078099,101.609624936696,0
0.282066014358319,1820.38677785553,101.73052947221,0
0.285845731367943,1848.14884961965,103.143975919919,0
0.289497212325504,1875.01685846359,104.510117771639,0
0.290425419211072,1881.8541402338,104.857492068189,0
0.293233150233013,1902.55442141314,105.908510731588,0
0.294738764626201,1913.66592718488,106.472259727754,0
0.296171110790402,1924.24393389391,107.008672677052,0
0.30026931950244,1954.54822153585,108.543972960219,0
0.300759765393634,1958.17864839598,108.727758913455,0
0.30228390248892,1969.46594033765,109.298972371528,0
0.303617168737555,1979.34610078583,109.798738060146,0
0.305295051460467,1991.78848970576,110.427794998269,0
0.306447932287536,2000.34314861547,110.860096273066,0
0.311201280645023,2035.66060166099,112.643108623961,0
0.313314282655313,2051.38406159376,113.436030676743,0
0.314704815452205,2061.73935704507,113.957946874742,0
0.316460499637035,2074.82289154232,114.617037861787,0
0.317376972882903,2081.65649853435,114.96113886966,0
0.318230039031334,2088.01974673649,115.281465601849,0
0.320832326826305,2107.44532987144,116.258819730088,0
0.322912880020835,2122.99181425474,117.040432297856,0
0.323992814144883,2131.06680843769,117.44620969517,0
0.326964157695096,2153.30345400733,118.56292548991,0
0.327691564473047,2158.75137967295,118.836362475994,0
0.32923058746206,2170.28337919964,119.414964506979,0
0.330299204304249,2178.29494414465,119.816773681444,0
0.331442682153899,2186.87168734086,120.246783944777,0
0.333038809388537,2198.85034222062,120.84710592607,0
0.336065788334862,2221.58887915848,121.985876729981,0
0.3374519105206,2232.01075922259,122.507471212112,0
0.340029800406855,2251.40881178783,123.477733388075,0
0.341964208041627,2265.97805380074,124.205979686298,0
0.343691471945659,2278.99671732402,124.856370077529,0
0.346307726169375,2298.73291385852,125.841731900304,0
0.348298876072093,2313.76722969989,126.591842950737,0
0.350756640185913,2332.34099291412,127.517954484209,0
0.351461933099041,2337.67431786101,127.783760259802,0
0.354479263183748,2360.50747231944,128.921130148066,0
0.357806858502776,2385.71940661944,130.17586408901,0
0.360388456372725,2405.30136430133,131.149599808485,0
0.362349562289643,2420.18962350993,131.889467068173,0
0.366005411746212,2447.97343585466,133.269101714535,0
0.368658408246923,2468.15959409398,134.270598603545,0
0.370078814430331,2478.9753966761,134.80690553158,0
0.375202312143119,2518.03585385565,136.742023708989,0
0.378239441291113,2541.22488075566,137.889589021797,0
0.379745438253334,2552.73291921037,138.458748341351,0
0.382039685664787,2570.27637300383,139.325968766407,0
0.384422446450336,2588.51195444428,140.226848869729,0
0.386544326647436,2604.76403085222,141.029266709456,0
0.38912941052473,2624.58043755765,142.007069133775,0
0.390434103954497,2634.58865105732,142.500657016502,0
0.39395738977975,2661.63840486961,143.833877566407,0
0.395772428054764,2675.5861846425,144.520863390518,0
0.397568956909731,2689.40036374717,145.200957043191,0
0.400528031232396,2712.172429403,146.321388743172,0
0.40269600456648,2728.87109264868,147.14246835338,0
0.404613406630815,2743.6500214695,147.868783631436,0
0.406710561654956,2759.82544108316,148.663333902879,0
0.408836716545204,2776.23621121561,149.469024478865,0
0.41008834448435,2785.90240219335,149.943391350963,0
0.412630763889188,2805.5496801045,150.907131078097,0
0.414414450439696,2819.34354429352,151.583392311683,0
0.416400359660942,2834.71084103404,152.336448946655,0
0.41775353448376,2845.18769205776,152.849648096694,0
0.418417988058813,2850.33387616531,153.101668135087,0
0.420303854493362,2864.94598303454,153.817036554824,0
0.422178109524988,2879.47702818178,154.528116828463,0
0.425698762360379,2906.79643166858,155.864141853843,0
0.426851152484046,2915.74543831201,156.301541407891,0
0.429987518156344,2940.11796632156,157.492194496236,0
0.431938513026637,2955.29135043395,158.233007863092,0
0.434929792665502,2978.5735288778,159.369066050394,0
0.435674313747418,2984.37181525892,159.651872267906,0
0.438505534670076,3006.43358316126,160.727472403264,0
0.440722195873951,3023.72014535508,161.569774642109,0
0.443361466695726,3044.31795726993,162.572865204799,0
0.449013861788625,3088.4877166974,164.721868218024,0
0.45148768105385,3107.84303658925,165.662710174653,0
0.454006963021046,3127.56900333623,166.621036441326,0
0.456349303308409,3145.92298293111,167.512229367832,0
0.45874140446565,3164.68020647057,168.422527698906,0
0.461507555974348,3186.38719327647,169.475385027192,0
0.463215631410093,3199.7999909686,170.125631085282,0
0.465200045435615,3215.39127249553,170.881186495444,0
0.469913263853132,3252.45889887809,172.676192139897,0
0.473065066849011,3277.27507949323,173.876908710478,0
0.476816021703645,3306.83830467307,175.306260780058,0
0.48374794343803,3361.55615276437,177.948844344703,0
0.486372512078946,3382.30160660664,178.949743929482,0
0.489271682774494,3405.23544436123,180.055594936617,0
0.491026686798988,3419.12743198638,180.725135077485,0
0.4930794655222,3435.38513398327,181.508388441306,0
0.494460417689605,3446.32729256661,182.03536845709,0
0.497471399506606,3470.19971957565,183.184564626304,0
0.500707165400429,3495.8764191915,184.419837567601,0
0.502504072355635,3510.14520814319,185.105943848854,0
0.504464245949465,3525.71843307582,185.854492038599,0
0.506450656768465,3541.50857109803,186.613168285018,0
0.511606447454321,3582.53191004774,188.582843225224,0
0.515686158239785,3615.033359777,190.141937049048,0
0.519863150724883,3648.34634441175,191.738675671934,0
0.525772967461385,3695.54185787371,193.99862244905,0
0.533586580320867,3758.05258225266,196.988017557604,0
0.539069605951423,3801.99314596941,199.086716171551,0
0.544797645282262,3847.96269213878,201.280031532491,0
0.547499201490137,3869.66668122693,202.314774097435,0
0.550224010834077,3891.57235651424,203.35861234896,0
0.555883543139842,3937.11873040798,205.527307672242,0
0.559988650682374,3970.19534661984,207.100864013146,0
0.562813012947602,3992.97176806118,208.183734692088,0
0.565383836830507,4013.71721315983,209.169570818817,0
0.570800884577557,4057.47273811387,211.24738728429,0
0.577638069034573,4112.7804856156,213.87095530039,0
0.58497358544932,4172.21919964599,216.687007504561,0
0.590956065916894,4220.77019078068,218.984596847655,0
0.597714891786874,4275.7027062629,221.581368041891,0
0.603038768010089,4319.03266567998,223.627582694652,0
0.613337437719135,4403.00001809712,227.58771540885,0
0.618741529775426,4447.13836010745,229.666719759086,0
0.624179680479219,4491.60824747603,231.759497870592,0
0.628484115356457,4526.84498962648,233.416458664029,0
0.64318422606039,4647.43058625241,239.078274780419,0
0.653315651869029,4730.7597681503,242.983205596806,0
0.660680283455598,4791.44398029281,245.823131294047,0
0.664020282251056,4818.9960461085,247.111473729842,0
0.688829127151566,5024.23658792963,256.688374215754,0
0.701621924743673,5130.46877846574,261.631713681947,0
0.713522506870047,5229.53070034242,266.233251533104,0
0.721629689025373,5297.14592187189,269.369626750491,0
0.727237785827673,5343.97939179062,271.539952051971,0
0.738845389902547,5441.07198758399,276.034019441123,0
0.75252359997913,5555.75272376916,281.333069952089,0
0.771532427460643,5715.60043901561,288.703088942471,0
0.785333763251319,5831.99715293859,294.058258301433,0
0.79489468405426,5912.79620177174,297.770093630349,0
0.804840143425978,5996.98641686094,301.632952674109,0
0.814574706082708,6079.5295655233,305.415591220115,0
0.831224591387961,6221.02331056139,311.889199264836,0
0.843928630808996,6329.24654176001,316.831829779542,0
0.857826466254172,6447.89540237738,322.242037361637,0
0.867320167885326,6529.09706230723,325.939633435804,0
0.880642259985429,6643.24907819908,331.130801898948,0
0.887490768235506,6702.02378127283,333.800555515281,0
0.910803867296245,6902.56330276467,342.8943203447,0
0.930132258641506,7069.36141389118,350.440239243072,0
0.939113972927139,7147.03328925362,353.948715117076,0
0.948615945741818,7229.31513314218,357.661753718203,0
0.956991084575991,7301.93297588307,360.935594504806,0
0.996414373947571,7644.9182519818,376.360099909601,0
1.01670499583459,7822.17913906526,384.307649048535,0
1.03383338521032,7972.19272767476,391.021122197459,0
1.04778798362863,8094.6620014168,396.493641592912,0
1.08364978273277,8410.41504417351,410.569581477029,0
1.10638716965968,8611.35758977422,419.502996230926,0
1.14958407924762,8994.66516696919,436.493275501328,0
1.1831172408028,9293.58961964786,449.698763803241,0
1.20693032699829,9506.57468447363,459.084795451085,0
1.2365009997421,9771.85751639478,470.749630248636,0
1.27006999137514,10074.0645291845,484.004064127651,0
1.29420531186791,10292.0235546615,493.541640325725,0
1.30347901890587,10375.9205312747,497.208077958922,0
1.34425925129963,10745.8140669465,513.342130386906,0
1.41433988007177,11385.0527179344,541.110014467278,0
1.43668989026477,11589.8430702573,549.97642740151,0
1.50547422128972,12222.8231564767,577.29504544521,0
1.54022834835258,12544.166397943,591.115632517002,0
1.59851001693575,13085.2743877142,614.317870779197,0
1.63158173186681,13393.5352904805,627.497746892263,0
1.6694133961434,13747.214400819,642.586563560293,0
1.75112923247205,14514.8833800218,675.220570496954,0
1.78561410611406,14840.3369072925,689.009327444275,0
1.89250150114294,15854.5130626587,731.809364839736,0
2.01566906660651,17032.914342846,781.237943013559,0
2.24474289428604,19250.5629100677,873.457766279481,0
2.36440726540214,20421.6367484588,921.771446620248,0
2.43850051658068,21150.8471618326,951.73129791691,0
2.55179579016654,22271.7341166593,997.606769798949,0
2.6984977465812,23733.2608922316,1057.11970845904,0
2.86633585936394,25418.7409352848,1125.35211931843,0
3.09265690100543,27712.9175525249,1217.59049357171,0
3.43043726065531,31179.5630543507,1355.71025658444,0
3.79182424446511,34940.6182596907,1504.03481627291,0
4.07322034135374,37903.6802318166,1619.89045699695,0
4.58040098575595,43314.3909373122,1829.4344820642,0
4.75452872019776,45191.5326357965,1901.5773245757,0
5.46685594691998,52965.9866229933,2197.67535895471,0
6.26728859242765,61868.9046800569,2532.08245648756,0
6.51830060966641,64694.088672437,2637.28357976573,0
6.86792728750308,68654.0125061146,2784.06108061218,0
7.62606160849988,77334.4856286454,3103.25882253167,0
13.5718156551581,148943.512845981,5640.52283045497,0
24.9679338266803,297887.025691963,10610.9705475382,0
